situacion,zona,propuesta_id,titulo_propuesta,enlace,apoyos,categoria,aparece_en_mesa,orden_detectado_en_mesa,aparece_en_final_126,fiabilidad_lectura_mesa
Mesa pero no final,Zona Sur 2,7962,Acondicionamiento y mejora de zonas exteriores IES Pinar de la Rubia/CEIP Alonso,https://www10.ava.es/presupuestosparticipativos/budgets/6/investments/7962,325,Deportes | Participación ciudadana - Asociaciones | Igualdad | Educación,SI,4,NO,alta
Mesa pero no final,Zona Sur 2,7961,Pasarela peatonal y ciclista Santa Ana-La Vega,https://www10.ava.es/presupuestosparticipativos/budgets/6/investments/7961,322,Transportes y movilidad,SI,5,NO,alta
Mesa pero no final,Zona Esgueva 2,7822,MEJORA ACCESIBILIDAD INSTALACIONES DEPORTIVAS VA-140,https://www10.ava.es/presupuestosparticipativos/budgets/6/investments/7822,295,Deportes | Participación ciudadana - Asociaciones | Transportes y movilidad | Seguridad y emergencias | Turismo | Cultura,SI,1,NO,alta
Mesa pero no final,Zona Este 1,8157,Carril bici por la antigua vía de Ariza,https://www10.ava.es/presupuestosparticipativos/budgets/6/investments/8157,291,Transportes y movilidad | Medio Ambiente - Limpieza,SI,6,NO,alta
Mesa pero no final,Zona Parquesol,7661,CUBIERTA PISTA DEL CEIP FRANCISCO PINO,https://www10.ava.es/presupuestosparticipativos/budgets/6/investments/7661,233,,SI,11,NO,"media (OCR acta, conviene revisar)"
Mesa pero no final,Zona Sur 1,7953,Mejora de la zona del Río Pisuerga,https://www10.ava.es/presupuestosparticipativos/budgets/6/investments/7953,219,Urbanismo,SI,3,NO,alta
Mesa pero no final,Zona Sur 2,7646,Sotechado pistas deportiva del CEIP Alonso Berruguete,https://www10.ava.es/presupuestosparticipativos/budgets/6/investments/7646,212,,SI,13,NO,alta
Mesa pero no final,Zona Este 1,8023,Mejora de instalaciones deportivas y parque infantil en Pinar de Jalón.,https://www10.ava.es/presupuestosparticipativos/budgets/6/investments/8023,209,Deportes | Urbanismo,SI,2,NO,alta
Mesa pero no final,Zona Sur 2,8341,Acondicionamiento y mejora de zonas exteriores IES Pinar de la Rubia/CEIP Alonso,https://www10.ava.es/presupuestosparticipativos/budgets/6/investments/8341,207,Asociaciones | Participación ciudadana | Deportes | Igualdad | Educación,SI,8,NO,alta
Mesa pero no final,Zona Sur 1,8094,Finalización del carril bici del Paseo Zorrilla YA!,https://www10.ava.es/presupuestosparticipativos/budgets/6/investments/8094,193,Participación ciudadana - Asociaciones | Transportes y movilidad | Medio Ambiente - Limpieza | Urbanismo,SI,16,NO,alta
Mesa pero no final,Zona Pisuerga 1,8197,habilitar instalacion deportiva,https://www10.ava.es/presupuestosparticipativos/budgets/6/investments/8197,168,Deportes | Educación,SI,4,NO,alta
Mesa pero no final,Zona Parquesol,8414,Salida a la autovía,https://www10.ava.es/presupuestosparticipativos/budgets/6/investments/8414,166,Transportes y movilidad | Seguridad y emergencias,SI,12,NO,"media (OCR acta, conviene revisar)"
Mesa pero no final,Zona Sur 1,7952,Reurbanización de la Calle Juan de Herrera,https://www10.ava.es/presupuestosparticipativos/budgets/6/investments/7952,160,Urbanismo,SI,13,NO,alta
Mesa pero no final,Zona Parquesol,7604,COLUMPIOS CEIP MARINA ESCOBAR,https://www10.ava.es/presupuestosparticipativos/budgets/6/investments/7604,157,Educación,SI,14,NO,"media (OCR acta, conviene revisar)"
Mesa pero no final,Zona Sur 1,7951,Calle Esteban Jordán,https://www10.ava.es/presupuestosparticipativos/budgets/6/investments/7951,157,Urbanismo,SI,17,NO,alta
Mesa pero no final,Zona Sur 1,7949,Francisco Rincón Reurbanización,https://www10.ava.es/presupuestosparticipativos/budgets/6/investments/7949,154,Urbanismo,SI,15,NO,alta
Mesa pero no final,Zona Sur 1,7654,Suelo de caucho en parques infantiles,https://www10.ava.es/presupuestosparticipativos/budgets/6/investments/7654,153,Urbanismo,SI,7,NO,alta
Mesa pero no final,Zona Este 1,8386,CUBIERTA VEGETAL PLAZA EVEREST,https://www10.ava.es/presupuestosparticipativos/budgets/6/investments/8386,152,,SI,11,NO,alta
Mesa pero no final,Zona Parquesol,7598,CUBIERTA PISTAS DEL CEIP MARINA ESCOBAR,https://www10.ava.es/presupuestosparticipativos/budgets/6/investments/7598,145,Educación,SI,15,NO,"media (OCR acta, conviene revisar)"
Mesa pero no final,Zona Parquesol,8561,Renovación y reparación del parque infantil del Parque del Mediodía,https://www10.ava.es/presupuestosparticipativos/budgets/6/investments/8561,144,Parques y jardines | Entretenimiento infantil,SI,13,NO,"media (OCR acta, conviene revisar)"
Mesa pero no final,Zona Parquesol,7750,Parques Infantiles,https://www10.ava.es/presupuestosparticipativos/budgets/6/investments/7750,131,Medio Ambiente - Limpieza,SI,18,NO,"media (OCR acta, conviene revisar)"
Mesa pero no final,Zona Sur 1,8065,Carril bici y peatonalización del Puente Colgante: Avda Salamanca-Pº Zorrilla,https://www10.ava.es/presupuestosparticipativos/budgets/6/investments/8065,130,Participación ciudadana - Asociaciones | Transportes y movilidad | Medio Ambiente - Limpieza | Urbanismo,SI,2,NO,alta
Mesa pero no final,Zona Este 1,8307,Espacio de Referencia Scout,https://www10.ava.es/presupuestosparticipativos/budgets/6/investments/8307,127,Participación ciudadana - Asociaciones | Medio Ambiente - Limpieza | Urbanismo | Educación,SI,14,NO,alta
Mesa pero no final,Zona Parquesol,7894,Cubierta Pista deportiva y patio de comedor Colegio Tierno Galvan,https://www10.ava.es/presupuestosparticipativos/budgets/6/investments/7894,123,Deportes | Educación | Cultura,SI,19,NO,"media (OCR acta, conviene revisar)"
Mesa pero no final,Zona Parquesol,7854,Colocación de un sotechado en el patio de primaria del CEIP MARINA ESCOBAR,https://www10.ava.es/presupuestosparticipativos/budgets/6/investments/7854,122,Educación,SI,20,NO,"media (OCR acta, conviene revisar)"
Mesa pero no final,Zona Sur 2,7931,Carril bici seguro+conexión peatonal entre Urb. El Pinarillo y Puente Duero,https://www10.ava.es/presupuestosparticipativos/budgets/6/investments/7931,117,Transportes y movilidad | Medio Ambiente - Limpieza | Urbanismo,SI,15,NO,alta
Mesa pero no final,Zona Parquesol,8116,Reparación y adecuación de todos los caminos y escaleras ladera parque sur,https://www10.ava.es/presupuestosparticipativos/budgets/6/investments/8116,112,Medio Ambiente - Limpieza,SI,16,NO,"media (OCR acta, conviene revisar)"
Mesa pero no final,Zona Parquesol,7777,7777-PASO PEATONES C/CIUDAD DE LA HABANA HACIA BIBLIOTECA Y C MAYORES PARQUESOL,https://www10.ava.es/presupuestosparticipativos/budgets/6/investments/7777,102,Transportes y movilidad | Seguridad y emergencias,SI,21,NO,"media (OCR acta, conviene revisar)"
Mesa pero no final,Zona Centro,7882,Carril bici diferenciado y uniforme entre Juan de Austria y Plaza Zorrilla,https://www10.ava.es/presupuestosparticipativos/budgets/6/investments/7882,101,Transportes y movilidad | Urbanismo,SI,13,NO,"media (OCR acta, conviene revisar)"
Mesa pero no final,Zona Pisuerga 2,8140,SENDA PEATONAL ENTRE VILLA DE PRADO Y HUERTA DEL REY,https://www10.ava.es/presupuestosparticipativos/budgets/6/investments/8140,101,,SI,2,NO,alta
Mesa pero no final,Zona Pisuerga 2,8351,CARRIL BICI CALLE RECREOS CONEXIÓN C.M.SAN ESTEBAN DE GORMAZ,https://www10.ava.es/presupuestosparticipativos/budgets/6/investments/8351,100,Medio Ambiente | Transportes y movilidad,SI,4,NO,alta
Mesa pero no final,Zona Este 2,7693,Parada de bus,https://www10.ava.es/presupuestosparticipativos/budgets/6/investments/7693,96,Transportes y movilidad,SI,11,NO,alta
Mesa pero no final,Zona Parquesol,7898,7898-REMODELACION Y MODERNIZACION DE LOS BAÑOS DEL ESTADIO JOSE ZORRILLA,https://www10.ava.es/presupuestosparticipativos/budgets/6/investments/7898,94,Deportes | Transportes y movilidad | Medio Ambiente - Limpieza | Seguridad y emergencias,SI,3,NO,"media (OCR acta, conviene revisar)"
Mesa pero no final,Zona Parquesol,8357,Cubierta en la pista principal del CEIP Ignacio Martín Baró,https://www10.ava.es/presupuestosparticipativos/budgets/6/investments/8357,92,Educación,SI,22,NO,"media (OCR acta, conviene revisar)"
Mesa pero no final,Zona Centro,7596,“RUTA DE LOS SOPORTALES”: RUTA TURÍSTICA HISTÓRICA Y GASTRONÓMICA,https://www10.ava.es/presupuestosparticipativos/budgets/6/investments/7596,86,Urbanismo | Turismo | Cultura,SI,1,NO,"media (OCR acta, conviene revisar)"
Mesa pero no final,Zona Centro,7577,Embellecimiento y aporte turístico cultural al caso histórico de Valladolid,https://www10.ava.es/presupuestosparticipativos/budgets/6/investments/7577,82,Cultura y Embellecimiento Urbano,SI,3,NO,"media (OCR acta, conviene revisar)"
Mesa pero no final,Zona Parquesol,8354,Columpios CEIP Ignacio Martín Baró,https://www10.ava.es/presupuestosparticipativos/budgets/6/investments/8354,82,Educación,SI,23,NO,"media (OCR acta, conviene revisar)"
Mesa pero no final,Zona Este 2,8242,MEJORA CALLE SAN ISIDRO: Conexión carril bici Valladolid - La Cistérniga,https://www10.ava.es/presupuestosparticipativos/budgets/6/investments/8242,81,Transportes y movilidad,SI,2,NO,alta
Mesa pero no final,Zona Sur 2,8384,Creación Instalaciones Deportivas al Aire Libre en parcela libre Villas Norte,https://www10.ava.es/presupuestosparticipativos/budgets/6/investments/8384,80,Deportes | Medio Ambiente - Limpieza | Urbanismo,SI,6,NO,alta
Mesa pero no final,Zona Pisuerga 1,8336,Mesas de picnic y ping-pong a lo largo del Parque Jardín Botánico,https://www10.ava.es/presupuestosparticipativos/budgets/6/investments/8336,79,Deportes | Participación ciudadana - Asociaciones,SI,8,NO,alta
Mesa pero no final,Zona Centro,8039,Peatonalizar Calles Conde Ansúrez y Macías Picavea,https://www10.ava.es/presupuestosparticipativos/budgets/6/investments/8039,78,Igualdad | Transportes y movilidad | Urbanismo,SI,2,NO,"media (OCR acta, conviene revisar)"
Mesa pero no final,Zona Parquesol,7825,Continuación carril bici,https://www10.ava.es/presupuestosparticipativos/budgets/6/investments/7825,77,Transportes y movilidad,SI,24,NO,"media (OCR acta, conviene revisar)"
Mesa pero no final,Zona Parquesol,8448,SOTERRAMIENTO DE CONTENEDORES BARRIO PARQUESOL,https://www10.ava.es/presupuestosparticipativos/budgets/6/investments/8448,76,,SI,2,NO,"media (OCR acta, conviene revisar)"
Mesa pero no final,Zona Este 2,7892,Reparación entrada del Colegio  y del Centro de Recursos Autismo Valladolid,https://www10.ava.es/presupuestosparticipativos/budgets/6/investments/7892,73,Participación ciudadana - Asociaciones | Servicios sociales | Transportes y movilidad | Urbanismo,SI,7,NO,alta
Mesa pero no final,Zona Pisuerga 1,7573,Cubierta y focos para las pistas deportivas anexas al CC Canal de Castilla,https://www10.ava.es/presupuestosparticipativos/budgets/6/investments/7573,73,,SI,13,NO,alta
Mesa pero no final,Zona Centro,7834,Peatonalizaciones para mejorar la seguridad vial: entorno escolar la Enseñanza,https://www10.ava.es/presupuestosparticipativos/budgets/6/investments/7834,71,Movilidad peatonal | Espacios seguros de peatones | Seguridad Vial | Transportes y movilidad | Urbanismo | Educación,SI,12,NO,"media (OCR acta, conviene revisar)"
Mesa pero no final,Zona Esgueva 1,7959,Pavimentación de las aceras de la calle Madre de Dios (agrupada con 7771),https://www10.ava.es/presupuestosparticipativos/budgets/6/investments/7959,71,Medio Ambiente | Seguridad y emergencias | Urbanismo,SI,1,NO,"media (OCR acta, conviene revisar)"
Mesa pero no final,Zona Esgueva 1,7875,Arreglo acera calle soto por detrás del colegio Entre Rios y hacer carril bici,https://www10.ava.es/presupuestosparticipativos/budgets/6/investments/7875,69,Transportes y movilidad | Medio Ambiente - Limpieza | Urbanismo,SI,8,NO,"media (OCR acta, conviene revisar)"
Mesa pero no final,Zona Esgueva 1,8366,Conexion carribici Paseo del cauce con calle Rabida por calle Reguero,https://www10.ava.es/presupuestosparticipativos/budgets/6/investments/8366,69,Salud y consumo - Animales | Transportes y movilidad | Medio Ambiente - Limpieza | Urbanismo,SI,9,NO,"media (OCR acta, conviene revisar)"
Mesa pero no final,Zona Sur 1,7981,PLANTACIÓN DE ARBOLADO EN CARRETERA DE LA ESPERANZA,https://www10.ava.es/presupuestosparticipativos/budgets/6/investments/7981,67,Salud y consumo - Animales | Participación ciudadana - Asociaciones | Transportes y movilidad | Medio Ambiente - Limpieza,SI,11,NO,alta
Mesa pero no final,Zona Centro,8517,"Prolongación del carril bici de la calle Cardenal Mendoza por las calles Reyes,",https://www10.ava.es/presupuestosparticipativos/budgets/6/investments/8517,62,Salud y consumo - Animales | Transportes y movilidad | Medio Ambiente - Limpieza | Seguridad y emergencias | Urbanismo,SI,10,NO,"media (OCR acta, conviene revisar)"
Mesa pero no final,Zona Sur 2,7643,CREACIÓN DE PARQUE FELINO O GATODRÓMO,https://www10.ava.es/presupuestosparticipativos/budgets/6/investments/7643,60,Salud y consumo - Animales | Medio Ambiente - Limpieza | Seguridad y emergencias | Urbanismo,SI,7,NO,alta
Mesa pero no final,Zona Pisuerga 2,8127,Iluminación Plaza Porticada,https://www10.ava.es/presupuestosparticipativos/budgets/6/investments/8127,59,,SI,6,NO,alta
Mesa pero no final,Zona Pisuerga 2,8434,Reforma y Rehabilitación del espacio (C/ Rastrojo y Rigoberto Cortejoso),https://www10.ava.es/presupuestosparticipativos/budgets/6/investments/8434,53,Transportes y movilidad | Medio Ambiente - Limpieza | Urbanismo,SI,12,NO,alta
Mesa pero no final,Zona Centro,7582,AREA INFANTIL PARQUE DEL PONIENTE,https://www10.ava.es/presupuestosparticipativos/budgets/6/investments/7582,52,,SI,5,NO,"media (OCR acta, conviene revisar)"
Mesa pero no final,Zona Pisuerga 2,8106,SOTERRAR CONTENEDORES DE RESIDUO URBANOS EN HUERTA DEL REY,https://www10.ava.es/presupuestosparticipativos/budgets/6/investments/8106,52,Medio Ambiente - Limpieza | Urbanismo,SI,7,NO,alta
Mesa pero no final,Zona Pisuerga 2,8100,Puentes de acceso al centro ciudad no hay ninguno que proteja de lluvia o sol,https://www10.ava.es/presupuestosparticipativos/budgets/6/investments/8100,51,Urbanismo,SI,13,NO,alta
Mesa pero no final,Zona Sur 2,8420,Rehabilitación antiguas piscinas Puente Duero,https://www10.ava.es/presupuestosparticipativos/budgets/6/investments/8420,50,Participación ciudadana - Asociaciones | Medio Ambiente - Limpieza | Urbanismo | Educación,SI,2,NO,alta
Mesa pero no final,Zona Este 2,8560,Ampliación y renovación acera Calle Salud e incorporar árboles,https://www10.ava.es/presupuestosparticipativos/budgets/6/investments/8560,48,Transportes y movilidad | Urbanismo,SI,4,NO,alta
Mesa pero no final,Zona Centro,8215,PUESTA EN VALOR CAMARÍN DE SAN MARTÍN,https://www10.ava.es/presupuestosparticipativos/budgets/6/investments/8215,47,Turismo | Cultura,SI,6,NO,"media (OCR acta, conviene revisar)"
Mesa pero no final,Zona Centro,8353,Punto de Encuentro para la Convivencia (PEC): Espacio Municipal de Mediación Com,https://www10.ava.es/presupuestosparticipativos/budgets/6/investments/8353,47,Participación ciudadana - Asociaciones | Servicios sociales | Educación,SI,8,NO,"media (OCR acta, conviene revisar)"
Mesa pero no final,Zona Este 2,8096,Mejoras para ciclistas y VMP en todas las escaleras de la ciudad,https://www10.ava.es/presupuestosparticipativos/budgets/6/investments/8096,45,Participación ciudadana - Asociaciones | Transportes y movilidad | Medio Ambiente - Limpieza | Urbanismo,SI,12,NO,alta
Mesa pero no final,Zona Centro,8539,Ampliación zona peatonal en el entorno del Mercado Municipal el Campillo.,https://www10.ava.es/presupuestosparticipativos/budgets/6/investments/8539,44,Salud y consumo - Animales | Igualdad | Transportes y movilidad | Medio Ambiente - Limpieza | Seguridad y emergencias | Urbanismo,SI,9,NO,"media (OCR acta, conviene revisar)"
Mesa pero no final,Zona Centro,8122,Sombra en calles y plazas en verano para movilidad de población vulnerable,https://www10.ava.es/presupuestosparticipativos/budgets/6/investments/8122,43,Salud y consumo - Animales | Medio Ambiente - Limpieza | Urbanismo,SI,11,NO,"media (OCR acta, conviene revisar)"
Mesa pero no final,Zona Esgueva 1,7730,7730-PUERTAS DEL CENTRO CIVICO,https://www10.ava.es/presupuestosparticipativos/budgets/6/investments/7730,40,Urbanismo,SI,11,NO,"media (OCR acta, conviene revisar)"
Mesa pero no final,Zona Esgueva 1,8469,Parque infantil Avd Palencia (agrupada con 8424),https://www10.ava.es/presupuestosparticipativos/budgets/6/investments/8469,37,Urbanismo,SI,29,NO,"media (OCR acta, conviene revisar)"
Mesa pero no final,Zona Esgueva 1,8478,Parque Avenida Palencia .,https://www10.ava.es/presupuestosparticipativos/budgets/6/investments/8478,37,Urbanismo,SI,28,NO,"media (OCR acta, conviene revisar)"
Mesa pero no final,Zona Esgueva 1,8565,Renovación acceras Paseo Prado de la Magdalena,https://www10.ava.es/presupuestosparticipativos/budgets/6/investments/8565,37,,SI,10,NO,"media (OCR acta, conviene revisar)"
Mesa pero no final,Zona Parquesol,8406,REMODELACIÓN Y MODERNIZACIÓN  DE LOS BAÑOS DEL EST. JOSÉ ZORRILLA (Agrup 7898),https://www10.ava.es/presupuestosparticipativos/budgets/6/investments/8406,37,,SI,4,NO,"media (OCR acta, conviene revisar)"
Mesa pero no final,Zona Este 2,7634,"Habilitar terreno abandonado, existente entre las calles Jilguero y Abejaruco.",https://www10.ava.es/presupuestosparticipativos/budgets/6/investments/7634,36,Urbanismo,SI,15,NO,alta
Mesa pero no final,Zona Esgueva 1,8085,Reforma Madre de Dios (agrupada con 7771),https://www10.ava.es/presupuestosparticipativos/budgets/6/investments/8085,35,Urbanismo,SI,2,NO,"media (OCR acta, conviene revisar)"
Mesa pero no final,Zona Centro,8272,"Plantación de árboles en la Plaza del Rosarillo, con bancos.",https://www10.ava.es/presupuestosparticipativos/budgets/6/investments/8272,34,Urbanismo,SI,14,NO,"media (OCR acta, conviene revisar)"
Mesa pero no final,Zona Esgueva 1,8210,Pavimentar aceras de la calle Madre de Dios (agrupada con 7771),https://www10.ava.es/presupuestosparticipativos/budgets/6/investments/8210,33,Urbanismo,SI,17,NO,"media (OCR acta, conviene revisar)"
Mesa pero no final,Zona Esgueva 1,8524,acondicionar el parque de la avenida Palencia,https://www10.ava.es/presupuestosparticipativos/budgets/6/investments/8524,31,Urbanismo,SI,26,NO,"media (OCR acta, conviene revisar)"
Mesa pero no final,Zona Parquesol,8076,REMODELACION Y MODERNIZACION DE LOS BAÑOS DEL ESTADIO JOSE ZORRILLA (Agrup 7898),https://www10.ava.es/presupuestosparticipativos/budgets/6/investments/8076,28,Deportes | Transportes y movilidad | Medio Ambiente - Limpieza | Seguridad y emergencias,SI,5,NO,"media (OCR acta, conviene revisar)"
Mesa pero no final,Zona Esgueva 1,8477,arreglar las aceras de la calle Madre de Dios (agrupada con 7771),https://www10.ava.es/presupuestosparticipativos/budgets/6/investments/8477,26,Urbanismo,SI,24,NO,"media (OCR acta, conviene revisar)"
Mesa pero no final,Zona Esgueva 1,7738,PUERTAS DEL CENTRO CIVICO (Agrupada con 7730),https://www10.ava.es/presupuestosparticipativos/budgets/6/investments/7738,25,Urbanismo,SI,12,NO,"media (OCR acta, conviene revisar)"
Mesa pero no final,Zona Esgueva 1,8304,Pavimento de aceras calle Madre de Dios (agrupada con 7771),https://www10.ava.es/presupuestosparticipativos/budgets/6/investments/8304,25,Urbanismo,SI,20,NO,"media (OCR acta, conviene revisar)"
Mesa pero no final,Zona Esgueva 1,8540,parque infantil avenida palencia (agrupada con 8424),https://www10.ava.es/presupuestosparticipativos/budgets/6/investments/8540,24,Urbanismo,SI,4,NO,"media (OCR acta, conviene revisar)"
Mesa pero no final,Zona Este 2,8452,Mejora de la Plaza Andarríos,https://www10.ava.es/presupuestosparticipativos/budgets/6/investments/8452,24,Deportes | Participación ciudadana - Asociaciones | Urbanismo | Turismo | Cultura,SI,6,NO,alta
Mesa pero no final,Zona Parquesol,8077,REMODELACION Y MODERNIZACION DE LOS BAÑOS DEL ESTADIO JOSE ZORRILLA (Agrup 7898),https://www10.ava.es/presupuestosparticipativos/budgets/6/investments/8077,24,Deportes | Medio Ambiente - Limpieza | Seguridad y emergencias,SI,6,NO,"media (OCR acta, conviene revisar)"
Mesa pero no final,Zona Esgueva 1,8293,Pavimento de aceras calle Madre de Dios (agrupada con 7771),https://www10.ava.es/presupuestosparticipativos/budgets/6/investments/8293,23,,SI,19,NO,"media (OCR acta, conviene revisar)"
Mesa pero no final,Zona Parquesol,7906,REMODELACION Y MODERNIZACION DE LOS BAÑOS DEL ESTADIO JOSÉ ZORRILLA (Agrup 7898),https://www10.ava.es/presupuestosparticipativos/budgets/6/investments/7906,23,,SI,7,NO,"media (OCR acta, conviene revisar)"
Mesa pero no final,Zona Parquesol,8083,REMODELACIÓN Y MODERNIZACIÓN BAÑOS ESTADIO JOSE ZORRILLA  (agrupada con 7898),https://www10.ava.es/presupuestosparticipativos/budgets/6/investments/8083,22,,SI,8,NO,"media (OCR acta, conviene revisar)"
Mesa pero no final,Zona Esgueva 1,8485,Arreglar la acera de la calle Doctor Ochoa  (agrupada con 8476),https://www10.ava.es/presupuestosparticipativos/budgets/6/investments/8485,21,Urbanismo,SI,6,NO,"media (OCR acta, conviene revisar)"
Mesa pero no final,Zona Parquesol,7905,REMODELACION Y MODERNIZACION DE LOS BAÑOS DEL ESTADIO JOSE ZORRILLA (Agrup 7898),https://www10.ava.es/presupuestosparticipativos/budgets/6/investments/7905,21,seguridad y movilidad | Deportes | Medio Ambiente - Limpieza,SI,9,NO,"media (OCR acta, conviene revisar)"
Mesa pero no final,Zona Esgueva 1,8289,Arreglo de las aceras en la calle Madre de Dios (agrupada con 7771),https://www10.ava.es/presupuestosparticipativos/budgets/6/investments/8289,20,Urbanismo,SI,18,NO,"media (OCR acta, conviene revisar)"
Mesa pero no final,Zona Esgueva 1,8475,Arreglo calle Amor de dios,https://www10.ava.es/presupuestosparticipativos/budgets/6/investments/8475,20,Urbanismo,SI,23,NO,"media (OCR acta, conviene revisar)"
Mesa pero no final,Zona Esgueva 1,8481,Parque infantil avenida Palencia (agrupada con 8424),https://www10.ava.es/presupuestosparticipativos/budgets/6/investments/8481,20,Urbanismo,SI,27,NO,"media (OCR acta, conviene revisar)"
Mesa pero no final,Zona Esgueva 1,8483,Arreglo acera derecha de la calle Prado de la Magdalena (agrupada con 8423),https://www10.ava.es/presupuestosparticipativos/budgets/6/investments/8483,20,Urbanismo,SI,33,NO,"media (OCR acta, conviene revisar)"
Mesa pero no final,Zona Esgueva 1,8519,arreglo de la calle Madre de Dios (agrupada con 7771),https://www10.ava.es/presupuestosparticipativos/budgets/6/investments/8519,20,Urbanismo,SI,25,NO,"media (OCR acta, conviene revisar)"
Mesa pero no final,Zona Esgueva 2,7986,7986-Suelo en centro cívico Pilarica,https://www10.ava.es/presupuestosparticipativos/budgets/6/investments/7986,20,Participación ciudadana - Asociaciones,SI,6,NO,alta
Mesa pero no final,Zona Esgueva 1,8472,Arreglo de la calle Madre de Dios (agrupada con 7771),https://www10.ava.es/presupuestosparticipativos/budgets/6/investments/8472,19,Urbanismo,SI,21,NO,"media (OCR acta, conviene revisar)"
Mesa pero no final,Zona Esgueva 1,8438,parque infantil avenida Palencia (agrupada con 8424),https://www10.ava.es/presupuestosparticipativos/budgets/6/investments/8438,18,Urbanismo,SI,30,NO,"media (OCR acta, conviene revisar)"
Mesa pero no final,Zona Parquesol,8105,Baño José Zorrilla (agrupada con 7898),https://www10.ava.es/presupuestosparticipativos/budgets/6/investments/8105,18,,SI,1,NO,"media (OCR acta, conviene revisar)"
Mesa pero no final,Zona Esgueva 1,8473,Arreglo de la calle Madre de Dios (agrupada con 7771),https://www10.ava.es/presupuestosparticipativos/budgets/6/investments/8473,17,Urbanismo,SI,22,NO,"media (OCR acta, conviene revisar)"
Mesa pero no final,Zona Esgueva 1,8536,Arreglar la acera de la calle Prado de la Magdalena (agrupada con 8423),https://www10.ava.es/presupuestosparticipativos/budgets/6/investments/8536,17,Urbanismo,SI,35,NO,"media (OCR acta, conviene revisar)"
Mesa pero no final,Zona Esgueva 1,8435,Arreglo de la acera derecha Prado de la Magdalena (agrupada con 8423),https://www10.ava.es/presupuestosparticipativos/budgets/6/investments/8435,16,Urbanismo,SI,31,NO,"media (OCR acta, conviene revisar)"
Mesa pero no final,Zona Esgueva 2,8218,MODIFICAR SUELO DEL CENTRO CIVICO PILARICA (agrupada con 7986),https://www10.ava.es/presupuestosparticipativos/budgets/6/investments/8218,15,Urbanismo,SI,8,NO,alta
Mesa pero no final,Zona Esgueva 1,8470,Arreglo de la acera derecha Prado de la Magdalena (agrupada con 8423),https://www10.ava.es/presupuestosparticipativos/budgets/6/investments/8470,14,Urbanismo,SI,32,NO,"media (OCR acta, conviene revisar)"
Mesa pero no final,Zona Esgueva 1,8529,Arreglo de la acera derecha Prado de la Magdalena,https://www10.ava.es/presupuestosparticipativos/budgets/6/investments/8529,13,Urbanismo,SI,34,NO,"media (OCR acta, conviene revisar)"
Mesa pero no final,Zona Esgueva 2,8223,SUELO DIFERENTE QUE AISLE PARA LAS ACTIVIDADES DE YOGA (agrupada con 7986),https://www10.ava.es/presupuestosparticipativos/budgets/6/investments/8223,13,Urbanismo,SI,9,NO,alta
Mesa pero no final,Zona Esgueva 2,8228,SUELO DIFERENTE QUE AISLE PARA LAS ACTIVIDADES DE YOGA (agrupada con 7986),https://www10.ava.es/presupuestosparticipativos/budgets/6/investments/8228,11,Urbanismo,SI,10,NO,alta
Mesa pero no final,Zona Esgueva 1,7773,Instalación de Bancos en la calle Manuel Linares Rivas y en la C/Madre de Dios,https://www10.ava.es/presupuestosparticipativos/budgets/6/investments/7773,10,Urbanismo,SI,16,NO,"media (OCR acta, conviene revisar)"
Mesa pero no final,Zona Esgueva 2,8217,Modificar suelo (agrupada con 7986),https://www10.ava.es/presupuestosparticipativos/budgets/6/investments/8217,7,Deportes | Urbanismo,SI,7,NO,alta
Mesa pero no final,Zona Este 2,8454,Mejora del exterior del CIC Santiago López,https://www10.ava.es/presupuestosparticipativos/budgets/6/investments/8454,6,Participación ciudadana - Asociaciones | Medio Ambiente - Limpieza | Urbanismo,SI,9,NO,alta
Mesa pero no final,Zona Este 2,8464,Cancha deportiva multideporte en la plaza junto al CIC Santiago López,https://www10.ava.es/presupuestosparticipativos/budgets/6/investments/8464,6,Deportes | Participación ciudadana - Asociaciones | Urbanismo,SI,5,NO,alta
Final pero no detectada en mesa,Zona Pisuerga 1,8225,Mejora de la pista de patinaje de velocidad La Victoria – Puente Jardín,https://www10.ava.es/presupuestosparticipativos/budgets/6/investments/8225,173,Deportes,NO,,SI,no aplica
Final pero no detectada en mesa,Zona Esgueva 2,8287,Mejora de las Instalaciones Complejo Deportivo Ciudad de Valladolid,https://www10.ava.es/presupuestosparticipativos/budgets/6/investments/8287,169,Deportes | Participación ciudadana - Asociaciones,NO,,SI,no aplica
Final pero no detectada en mesa,Zona Esgueva 2,8126,Proyecto de integración entre la V20/ Avenida Santander-VA113 y Cementerio,https://www10.ava.es/presupuestosparticipativos/budgets/6/investments/8126,147,Participación ciudadana - Asociaciones | Transportes y movilidad | Medio Ambiente - Limpieza | Urbanismo | Turismo | Cultura,NO,,SI,no aplica
Final pero no detectada en mesa,Zona Sur 1,8246,Remodelación y sustitución del césped artificial F11 y F7.,https://www10.ava.es/presupuestosparticipativos/budgets/6/investments/8246,147,Deportes,NO,,SI,no aplica
Final pero no detectada en mesa,Zona Sur 1,8317,Crear vestuarios en el Campo de Futbol El Palero,https://www10.ava.es/presupuestosparticipativos/budgets/6/investments/8317,145,Deportes,NO,,SI,no aplica
Final pero no detectada en mesa,Zona Esgueva 2,8527,Renovacion y ampliacion de parques por Zona Santos Pilarica,https://www10.ava.es/presupuestosparticipativos/budgets/6/investments/8527,136,Parques y jardines,NO,,SI,no aplica
Final pero no detectada en mesa,Zona Pisuerga 2,7627,CARRIL BICI CALLE GLORIA FUERTES,https://www10.ava.es/presupuestosparticipativos/budgets/6/investments/7627,125,Transportes y movilidad | Medio Ambiente - Limpieza,NO,,SI,no aplica
Final pero no detectada en mesa,Zona Esgueva 2,8314,PISTA POLIDEPORTIVA futbol sala vallada en Pilarica Los Santos,https://www10.ava.es/presupuestosparticipativos/budgets/6/investments/8314,110,Deportes,NO,,SI,no aplica
Final pero no detectada en mesa,Zona Sur 1,8080,8080-Mejoras polideportivo pisuerga,https://www10.ava.es/presupuestosparticipativos/budgets/6/investments/8080,102,Deportes,NO,,SI,no aplica
Final pero no detectada en mesa,Zona Pisuerga 2,7578,Actualización parque canino Moreras,https://www10.ava.es/presupuestosparticipativos/budgets/6/investments/7578,98,Salud y consumo - Animales | Urbanismo,NO,,SI,no aplica
Final pero no detectada en mesa,Zona Esgueva 2,8332,"Acondicionamiento integral del entorno deportivo (Pumptrack, calistenia y parkou",https://www10.ava.es/presupuestosparticipativos/budgets/6/investments/8332,96,Deportes | Medio Ambiente - Limpieza | Urbanismo,NO,,SI,no aplica
Final pero no detectada en mesa,Zona Este 1,7919,Mejora Plaza Centro Cívico Delicias,https://www10.ava.es/presupuestosparticipativos/budgets/6/investments/7919,96,Medio Ambiente - Limpieza | Urbanismo,NO,,SI,no aplica
Final pero no detectada en mesa,Zona Este 2,8456,Pista polideportiva municipal en el Barrio de Las Flores,https://www10.ava.es/presupuestosparticipativos/budgets/6/investments/8456,94,Deportes,NO,,SI,no aplica
Final pero no detectada en mesa,Zona Este 1,8010,Alumbrado parque calle Aneto,https://www10.ava.es/presupuestosparticipativos/budgets/6/investments/8010,91,,NO,,SI,no aplica
Final pero no detectada en mesa,Zona Sur 2,7868,ILUMINACIÓN PARQUE KILOMETRÍN CALLE OLIMPIADAS,https://www10.ava.es/presupuestosparticipativos/budgets/6/investments/7868,89,,NO,,SI,no aplica
Final pero no detectada en mesa,Zona Esgueva 2,8302,Instalación de marquesina accesible en la calle Andrómeda,https://www10.ava.es/presupuestosparticipativos/budgets/6/investments/8302,87,Transportes y movilidad | Seguridad y emergencias | Urbanismo,NO,,SI,no aplica
Final pero no detectada en mesa,Zona Este 1,7866,Mayor iluminación parque Canterac,https://www10.ava.es/presupuestosparticipativos/budgets/6/investments/7866,87,Urbanismo,NO,,SI,no aplica
Final pero no detectada en mesa,Zona Sur 2,7590,PARADA DE BIKI EN PINAR DE ANTEQUERA Y ALUMBRADO SOLAR EN EL CARRIL BICI EXISTEN,https://www10.ava.es/presupuestosparticipativos/budgets/6/investments/7590,81,,NO,,SI,no aplica
Final pero no detectada en mesa,Zona Esgueva 1,7557,Mejora de Carril Bici Orilla del esgueva,https://www10.ava.es/presupuestosparticipativos/budgets/6/investments/7557,74,Transportes y movilidad | Seguridad y emergencias,NO,,SI,no aplica
Final pero no detectada en mesa,Zona Sur 2,8044,Creación de espacios exteriores cubiertos,https://www10.ava.es/presupuestosparticipativos/budgets/6/investments/8044,72,Medio Ambiente - Limpieza | Urbanismo,NO,,SI,no aplica
Final pero no detectada en mesa,Zona Parquesol,8575,Mejora del suelo de la pasarela que une Parquesol con el Museo de la Ciencia,https://www10.ava.es/presupuestosparticipativos/budgets/6/investments/8575,68,,NO,,SI,no aplica
Final pero no detectada en mesa,Zona Sur 2,8070,"SANTA ANA- Dinamización y mejora zona de juegos, iluminación y zona biosaludable",https://www10.ava.es/presupuestosparticipativos/budgets/6/investments/8070,65,"""Urbanismo""; | ""Salud y consumo - Animales"" y | ""Participación ciudadana - Asociaciones | Servicios sociales"";",NO,,SI,no aplica
Final pero no detectada en mesa,Zona Parquesol,7712,Parques Infantiles-Parque de los Almendros/ Centro Cívico Parquesol,https://www10.ava.es/presupuestosparticipativos/budgets/6/investments/7712,62,Medio Ambiente - Limpieza,NO,,SI,no aplica
Final pero no detectada en mesa,Zona Sur 1,7833,MEJORA DE LA SEGURIDAD PEATONAL EN PASO DE CEBRA DE PLAZA DEL EJÉRCITO,https://www10.ava.es/presupuestosparticipativos/budgets/6/investments/7833,60,Transportes y movilidad | Medio Ambiente - Limpieza | Seguridad y emergencias | Urbanismo,NO,,SI,no aplica
Final pero no detectada en mesa,Zona Parquesol,8124,Parque alto de parquesol,https://www10.ava.es/presupuestosparticipativos/budgets/6/investments/8124,58,Deportes | Medio Ambiente - Limpieza | Educación | Cultura,NO,,SI,no aplica
Final pero no detectada en mesa,Zona Sur 2,7702,Juegos niñ@s mayores y adolescentes,https://www10.ava.es/presupuestosparticipativos/budgets/6/investments/7702,58,Salud y consumo - Animales | Deportes,NO,,SI,no aplica
Final pero no detectada en mesa,Zona Esgueva 2,7625,7625-Ampliar acera calle Pilarica,https://www10.ava.es/presupuestosparticipativos/budgets/6/investments/7625,56,Urbanismo,NO,,SI,no aplica
Final pero no detectada en mesa,Zona Parquesol,8036,Recuperación y mantenimiento de las escaleras de Martín Santos Romero,https://www10.ava.es/presupuestosparticipativos/budgets/6/investments/8036,54,Urbanismo,NO,,SI,no aplica
Final pero no detectada en mesa,Zona Sur 2,8022,Instalar mesas y bancos merenderos en el parque de Covaresa,https://www10.ava.es/presupuestosparticipativos/budgets/6/investments/8022,53,,NO,,SI,no aplica
Final pero no detectada en mesa,Zona Este 1,7758,Renovar vestuarios de la piscina cubierta Canterac,https://www10.ava.es/presupuestosparticipativos/budgets/6/investments/7758,50,Deportes,NO,,SI,no aplica
Final pero no detectada en mesa,Zona Esgueva 1,7997,7997-BAÑO PARA PERSONAS DE MOVILIDAD REDUCIIADA EN PLANTA BAJA DEL CC RONDILLA,https://www10.ava.es/presupuestosparticipativos/budgets/6/investments/7997,49,,NO,,SI,no aplica
Final pero no detectada en mesa,Zona Sur 1,8202,Mejorar iluminación del paso de peatones de la calle Ultramar con calle Estadio,https://www10.ava.es/presupuestosparticipativos/budgets/6/investments/8202,44,Transportes y movilidad | Seguridad y emergencias | Educación,NO,,SI,no aplica
Final pero no detectada en mesa,Zona Sur 2,8543,Tráfico y seguridad en la Cañada Real,https://www10.ava.es/presupuestosparticipativos/budgets/6/investments/8543,44,Transportes y movilidad | Urbanismo,NO,,SI,no aplica
Final pero no detectada en mesa,Zona Esgueva 1,8362,Rehabilitación de la antigua biblioteca de verano del parque Ribera de Castilla,https://www10.ava.es/presupuestosparticipativos/budgets/6/investments/8362,43,Urbanismo,NO,,SI,no aplica
Final pero no detectada en mesa,Zona Pisuerga 1,8152,Pavimentado de aceras en calle Mieses y Sementera,https://www10.ava.es/presupuestosparticipativos/budgets/6/investments/8152,43,Urbanismo,NO,,SI,no aplica
Final pero no detectada en mesa,Zona Pisuerga 2,7556,"Mejora de aceras en Calle Red, Calle de la Enseñanza y las Arenas",https://www10.ava.es/presupuestosparticipativos/budgets/6/investments/7556,42,Medio Ambiente - Limpieza | Seguridad y emergencias | Urbanismo,NO,,SI,no aplica
Final pero no detectada en mesa,Zona Pisuerga 2,8101,RECUPERACIÓN PARA EL PEATÓN DE LA AVENIDA DE SALAMANCA ENTRE G.FUERTES Y P. J. A,https://www10.ava.es/presupuestosparticipativos/budgets/6/investments/8101,42,Transportes y movilidad | Medio Ambiente - Limpieza,NO,,SI,no aplica
Final pero no detectada en mesa,Zona Esgueva 1,7999,APARATOS BIOSALUDABLES EN LA CALLE PATIO ENTRE C/ MIRABLE Y C/ CALDERON DE LA BA,https://www10.ava.es/presupuestosparticipativos/budgets/6/investments/7999,38,,NO,,SI,no aplica
Final pero no detectada en mesa,Zona Esgueva 1,8198,patio de la convivencia bancos y viosaludables.,https://www10.ava.es/presupuestosparticipativos/budgets/6/investments/8198,37,Urbanismo,NO,,SI,no aplica
Final pero no detectada en mesa,Zona Este 1,7719,Parque intergeneracional en la zona de  Arcas Reales,https://www10.ava.es/presupuestosparticipativos/budgets/6/investments/7719,36,"Medio Ambiente - Limpieza | Urbanismo | ""Deportes"" parques",NO,,SI,no aplica
Final pero no detectada en mesa,Zona Parquesol,7611,Acera en Martín Santos Romero y Miriam Blasco,https://www10.ava.es/presupuestosparticipativos/budgets/6/investments/7611,35,Participación ciudadana - Asociaciones | Igualdad | Transportes y movilidad | Urbanismo,NO,,SI,no aplica
Final pero no detectada en mesa,Zona Parquesol,7793,Rampas para personas con movilidad reducida,https://www10.ava.es/presupuestosparticipativos/budgets/6/investments/7793,34,Servicios sociales | Urbanismo,NO,,SI,no aplica
Final pero no detectada en mesa,Zona Centro,8352,Circuito ejercicio biosaludable al aire libre para adultos latera Campo Grande,https://www10.ava.es/presupuestosparticipativos/budgets/6/investments/8352,33,Deporte | convivencia intergeneracional | Salud,NO,,SI,no aplica
Final pero no detectada en mesa,Zona Centro,8576,Señalización paso peatones Alonso Pesquera,https://www10.ava.es/presupuestosparticipativos/budgets/6/investments/8576,33,Transportes y movilidad | Urbanismo,NO,,SI,no aplica
Final pero no detectada en mesa,Zona Parquesol,7774,Arreglar baches de las aceras,https://www10.ava.es/presupuestosparticipativos/budgets/6/investments/7774,33,Transportes y movilidad,NO,,SI,no aplica
Final pero no detectada en mesa,Zona Parquesol,7735,Arreglar las escaleras del parque de los Almendros,https://www10.ava.es/presupuestosparticipativos/budgets/6/investments/7735,32,Urbanismo,NO,,SI,no aplica
Final pero no detectada en mesa,Zona Centro,8159,Plaza el salvador,https://www10.ava.es/presupuestosparticipativos/budgets/6/investments/8159,31,Parques infantiles | Deportes | Cultura,NO,,SI,no aplica
Final pero no detectada en mesa,Zona Pisuerga 2,8144,Cerro de las contiendas: parte baja en linea con C/ Monasterio de Santa Espina,https://www10.ava.es/presupuestosparticipativos/budgets/6/investments/8144,31,Medio Ambiente - Limpieza,NO,,SI,no aplica
Final pero no detectada en mesa,Zona Esgueva 1,7716,Reforma integral plaza alberto fernandez,https://www10.ava.es/presupuestosparticipativos/budgets/6/investments/7716,30,,NO,,SI,no aplica
Final pero no detectada en mesa,Zona Parquesol,7779,Propuesta del Centro de Vida Activa- Parquesol,https://www10.ava.es/presupuestosparticipativos/budgets/6/investments/7779,28,Participación ciudadana - Asociaciones | Urbanismo,NO,,SI,no aplica
Final pero no detectada en mesa,Zona Este 2,7964,Calles abubilla y Avutarda hacia Carretera Villabáñez,https://www10.ava.es/presupuestosparticipativos/budgets/6/investments/7964,26,accidente | Visibilidad,NO,,SI,no aplica
Final pero no detectada en mesa,Zona Pisuerga 1,7606,PASO DE PEATONES PLAZA COSMOS ESQUINA CALLE SAN SEBASTIAN 4,https://www10.ava.es/presupuestosparticipativos/budgets/6/investments/7606,26,,NO,,SI,no aplica
Final pero no detectada en mesa,Zona Centro,8491,Accesibilidad en los pasos de cebra para personas con discapacidad,https://www10.ava.es/presupuestosparticipativos/budgets/6/investments/8491,23,Transportes y movilidad | Urbanismo,NO,,SI,no aplica
Final pero no detectada en mesa,Zona Centro,8102,Seguridad peatonal,https://www10.ava.es/presupuestosparticipativos/budgets/6/investments/8102,21,Transportes y movilidad | Seguridad y emergencias | Urbanismo,NO,,SI,no aplica
Final pero no detectada en mesa,Zona Centro,8468,Aparcamiento para motos en Paseo de Isabel la católica.,https://www10.ava.es/presupuestosparticipativos/budgets/6/investments/8468,17,Transportes y movilidad,NO,,SI,no aplica
Final pero no detectada en mesa,Zona Sur 2,8550,Zona para juegos tradicionales y maquinas de gimnasio exterior para mayores,https://www10.ava.es/presupuestosparticipativos/budgets/6/investments/8550,16,,NO,,SI,no aplica
Final pero no detectada en mesa,Zona Esgueva 1,7776,Ampliación parque infantil c/ Amor de dios,https://www10.ava.es/presupuestosparticipativos/budgets/6/investments/7776,13,Urbanismo | Educación | Cultura,NO,,SI,no aplica
Final pero no detectada en mesa,Zona Centro,7935,Construyendo Ciudadanía,https://www10.ava.es/presupuestosparticipativos/budgets/6/investments/7935,4,Educación,NO,,SI,no aplica
Final pero no detectada en mesa,Zona Parquesol,8137,arreglar los bancos de la Plaza Paseo la Habana,https://www10.ava.es/presupuestosparticipativos/budgets/6/investments/8137,3,Urbanismo,NO,,SI,no aplica
Mesa y final,Zona Este 1,8190,INSTALACIONES DEPORTIVAS PINAR DE JALÓN,https://www10.ava.es/presupuestosparticipativos/budgets/6/investments/8190,295,Salud y consumo - Animales | Deportes | Participación ciudadana - Asociaciones,SI,1,SI,alta
Mesa y final,Zona Este 1,8398,CARRIL BICI PINAR DE JALÓN-CENTRO + INSONORIZAR VA-30,https://www10.ava.es/presupuestosparticipativos/budgets/6/investments/8398,273,Deportes | Transportes y movilidad | Seguridad y emergencias,SI,3,SI,alta
Mesa y final,Zona Este 1,8193,PINAR DE JALÓN. BARRERA NATURAL,https://www10.ava.es/presupuestosparticipativos/budgets/6/investments/8193,271,Salud y consumo - Animales | Participación ciudadana - Asociaciones | Medio Ambiente - Limpieza | Educación,SI,4,SI,alta
Mesa y final,Zona Este 1,8185,Cubierta pista deportiva Pinar de Jalón,https://www10.ava.es/presupuestosparticipativos/budgets/6/investments/8185,264,Deportes | Participación ciudadana - Asociaciones | Cultura,SI,5,SI,alta
Mesa y final,Zona Este 1,7966,Adecentar pinar de entrada a Pinar de Jalón,https://www10.ava.es/presupuestosparticipativos/budgets/6/investments/7966,211,Deportes Juventud | Medio Ambiente | limpieza | Parque columpios pistas de deporte to...,SI,8,SI,alta
Mesa y final,Zona Sur 1,8027,Remodelación de la Plaza Juan de Austria.,https://www10.ava.es/presupuestosparticipativos/budgets/6/investments/8027,206,,SI,9,SI,alta
Mesa y final,Zona Este 2,8112,Renovación del césped del campo de fútbol principal complejo Don Bosco,https://www10.ava.es/presupuestosparticipativos/budgets/6/investments/8112,202,Deportes,SI,1,SI,alta
Mesa y final,Zona Este 1,7922,Barrera natural acústica de arbolado en perimetro Pinar del Jalón,https://www10.ava.es/presupuestosparticipativos/budgets/6/investments/7922,198,Ruido - Contaminación acústica | Contaminación ambiental y acústica,SI,9,SI,alta
Mesa y final,Zona Este 1,8178,Creación Aceras Avenida Madrid desde Edificio Madrid hasta San Agustín,https://www10.ava.es/presupuestosparticipativos/budgets/6/investments/8178,197,Urbanismo,SI,10,SI,alta
Mesa y final,Zona Sur 1,7950,Calle Aurora (Reurbanización de la mitad de la calle vieja),https://www10.ava.es/presupuestosparticipativos/budgets/6/investments/7950,193,Urbanismo,SI,1,SI,alta
Mesa y final,Zona Pisuerga 1,8337,Instalación de pasarela peatonal sobre el Canal de Castilla,https://www10.ava.es/presupuestosparticipativos/budgets/6/investments/8337,182,Urbanismo,SI,1,SI,alta
Mesa y final,Zona Este 1,8388,Parque infantil pinar de jalón,https://www10.ava.es/presupuestosparticipativos/budgets/6/investments/8388,181,,SI,7,SI,alta
Mesa y final,Zona Este 1,8055,Mesas de picnic en Parque Pinar de Jalón,https://www10.ava.es/presupuestosparticipativos/budgets/6/investments/8055,173,Mesas de picnic | Parques y jardines,SI,13,SI,alta
Mesa y final,Zona Pisuerga 1,8171,Instalaciones deportivas Luis Minguela,https://www10.ava.es/presupuestosparticipativos/budgets/6/investments/8171,170,Deportes Juventud,SI,3,SI,alta
Mesa y final,Zona Parquesol,7726,Reacondicionamiento de las instalaciones deportivas en el Parque del Mediodía,https://www10.ava.es/presupuestosparticipativos/budgets/6/investments/7726,167,Salud y consumo - Animales | Deportes | Igualdad | Seguridad y emergencias,SI,10,SI,"media (OCR acta, conviene revisar)"
Mesa y final,Zona Esgueva 2,8359,Cubierta Polivalente en los Santos Pilarica,https://www10.ava.es/presupuestosparticipativos/budgets/6/investments/8359,156,Deportes | Participación ciudadana - Asociaciones | Cultura,SI,2,SI,alta
Mesa y final,Zona Pisuerga 2,7640,CUBRIR PISTAS DE PADEL DEL POLIDEPORTIVO HUERTA DEL REY,https://www10.ava.es/presupuestosparticipativos/budgets/6/investments/7640,156,Deportes,SI,1,SI,alta
Mesa y final,Zona Sur 1,8049,8049-Nuevos bancos y columpios en la Plaza Doctor Quemada,https://www10.ava.es/presupuestosparticipativos/budgets/6/investments/8049,146,Parques y jardines,SI,6,SI,alta
Mesa y final,Zona Este 1,8141,Parque de las Norias.,https://www10.ava.es/presupuestosparticipativos/budgets/6/investments/8141,133,,SI,12,SI,alta
Mesa y final,Zona Pisuerga 1,7849,Estación Biki Expansión Puente Jardín,https://www10.ava.es/presupuestosparticipativos/budgets/6/investments/7849,129,Transportes y movilidad,SI,2,SI,alta
Mesa y final,Zona Pisuerga 1,8323,"Traslado de inicio-fin línea 5,6 de autobuses",https://www10.ava.es/presupuestosparticipativos/budgets/6/investments/8323,125,Transportes y movilidad,SI,6,SI,alta
Mesa y final,Zona Sur 2,8090,Parque y espacio deportivo enfrente del CEIP El Peral,https://www10.ava.es/presupuestosparticipativos/budgets/6/investments/8090,120,Deportes | Medio Ambiente - Limpieza | Urbanismo | Educación,SI,9,SI,alta
Mesa y final,Zona Esgueva 2,7920,Viveros: paso de peatones parada autobús,https://www10.ava.es/presupuestosparticipativos/budgets/6/investments/7920,115,Transportes y movilidad | Urbanismo,SI,4,SI,alta
Mesa y final,Zona Pisuerga 1,8029,"Creación de un gran parque naturalizado con merendero, zona infantil, pump truck",https://www10.ava.es/presupuestosparticipativos/budgets/6/investments/8029,113,Salud y consumo - Animales | Deportes | Participación ciudadana - Asociaciones | Medio Ambiente - Limpieza | Urbanismo | Cultura,SI,5,SI,alta
Mesa y final,Zona Sur 2,8548,Iluminación en Cañada Real,https://www10.ava.es/presupuestosparticipativos/budgets/6/investments/8548,107,Urbanismo,SI,11,SI,alta
Mesa y final,Zona Sur 1,8120,Mejora del alumbrado y parada de autobús en la Plaza Doctor Quemada,https://www10.ava.es/presupuestosparticipativos/budgets/6/investments/8120,106,Transportes y movilidad | Urbanismo,SI,10,SI,alta
Mesa y final,Zona Pisuerga 2,7934,Carril bici en c/ Mieses desde hotel NH hasta Avda. los Recreos,https://www10.ava.es/presupuestosparticipativos/budgets/6/investments/7934,104,,SI,3,SI,alta
Mesa y final,Zona Pisuerga 1,7821,Subida a la Fuente El Sol: una calle que necesita una reforma urgente,https://www10.ava.es/presupuestosparticipativos/budgets/6/investments/7821,100,Urbanismo,SI,9,SI,alta
Mesa y final,Zona Sur 1,7562,Punto de acceso BIKI en la zona del Museo de la Ciencia,https://www10.ava.es/presupuestosparticipativos/budgets/6/investments/7562,97,Transportes y movilidad,SI,8,SI,alta
Mesa y final,Zona Parquesol,7859,"Reforma integral del ""Parque de la J""",https://www10.ava.es/presupuestosparticipativos/budgets/6/investments/7859,95,Deportes | Transportes y movilidad | Medio Ambiente - Limpieza | Urbanismo,SI,17,SI,"media (OCR acta, conviene revisar)"
Mesa y final,Zona Sur 1,8499,Conexión de carriles bici en Pº del Hospital Militar.,https://www10.ava.es/presupuestosparticipativos/budgets/6/investments/8499,86,Salud y consumo - Animales | Transportes y movilidad | Medio Ambiente - Limpieza | Seguridad y emergencias,SI,5,SI,alta
Mesa y final,Zona Pisuerga 2,8569,Cubrir patio del CIC El Empecinado,https://www10.ava.es/presupuestosparticipativos/budgets/6/investments/8569,79,Participación ciudadana - Asociaciones | Cultura,SI,5,SI,alta
Mesa y final,Zona Sur 1,8088,Carril bici en Paseo de Zorrilla y Avenida Salamanca por Avda. Medina del Campo,https://www10.ava.es/presupuestosparticipativos/budgets/6/investments/8088,79,,SI,4,SI,alta
Mesa y final,Zona Sur 2,8253,Aumentar la seguridad en pasos en Cañada Real,https://www10.ava.es/presupuestosparticipativos/budgets/6/investments/8253,74,Transportes y movilidad,SI,10,SI,alta
Mesa y final,Zona Pisuerga 2,8111,"Actualizar pista deportiva en Parque  entre Barbecho, Mieses y Padre José Acosta",https://www10.ava.es/presupuestosparticipativos/budgets/6/investments/8111,71,Deportes,SI,14,SI,alta
Mesa y final,Zona Esgueva 2,7619,Pasos de peatones elevados calle Astrofísico Carlos Sánchez Magro,https://www10.ava.es/presupuestosparticipativos/budgets/6/investments/7619,70,Urbanismo,SI,3,SI,alta
Mesa y final,Zona Pisuerga 1,8227,Colocar bancos en el “Sendero Verde” del Parque Jardín Botánico,https://www10.ava.es/presupuestosparticipativos/budgets/6/investments/8227,69,Participación ciudadana - Asociaciones | Medio Ambiente - Limpieza | Urbanismo,SI,7,SI,alta
Mesa y final,Zona Esgueva 1,7864,Renovación del tramo de carril bici en Tirso de Molina,https://www10.ava.es/presupuestosparticipativos/budgets/6/investments/7864,64,Transportes y movilidad | Urbanismo,SI,14,SI,"media (OCR acta, conviene revisar)"
Mesa y final,Zona Pisuerga 2,8303,Habilitar en la plaza Juan Pablo II de Villa del Prado zona de juegos infantiles,https://www10.ava.es/presupuestosparticipativos/budgets/6/investments/8303,64,Urbanismo,SI,8,SI,alta
Mesa y final,Zona Sur 2,7883,Creación de pasos ciclistas en Pso. Zorrilla (Parque Alameda).,https://www10.ava.es/presupuestosparticipativos/budgets/6/investments/7883,62,Transportes y movilidad,SI,12,SI,alta
Mesa y final,Zona Sur 2,8139,Transformar un “retal” en un activo d relación social y de desarrollo sostenible,https://www10.ava.es/presupuestosparticipativos/budgets/6/investments/8139,62,Salud y consumo - Animales | Medio Ambiente - Limpieza | Urbanismo,SI,1,SI,alta
Mesa y final,Zona Pisuerga 2,8110,Parada bikis avenida Gijón,https://www10.ava.es/presupuestosparticipativos/budgets/6/investments/8110,58,Deportes | Servicios sociales | Transportes y movilidad | Medio Ambiente - Limpieza | Urbanismo,SI,9,SI,alta
Mesa y final,Zona Pisuerga 2,8186,Pista deportiva calle Familia,https://www10.ava.es/presupuestosparticipativos/budgets/6/investments/8186,58,,SI,10,SI,alta
Mesa y final,Zona Pisuerga 2,8135,Recuperar antiguo mirador del Palacio de la Ribera,https://www10.ava.es/presupuestosparticipativos/budgets/6/investments/8135,54,Cultura y Embellecimiento Urbano. | Patrimonio | Turismo,SI,11,SI,alta
Mesa y final,Zona Esgueva 1,7993,7993-Puertas de entrada de apertura a automática en el Centro Cívico Rondilla,https://www10.ava.es/presupuestosparticipativos/budgets/6/investments/7993,52,Participación ciudadana - Asociaciones,SI,15,SI,"media (OCR acta, conviene revisar)"
Mesa y final,Zona Sur 1,8113,ESTACION BIKI EN PLAZA CREPÚSCULO,https://www10.ava.es/presupuestosparticipativos/budgets/6/investments/8113,52,Deportes | Participación ciudadana - Asociaciones | Igualdad | Transportes y movilidad | Seguridad y emergencias | Urbanismo,SI,12,SI,alta
Mesa y final,Zona Este 2,7945,Estación Biki zona deportiva Santa María de la Cabeza,https://www10.ava.es/presupuestosparticipativos/budgets/6/investments/7945,50,,SI,3,SI,alta
Mesa y final,Zona Pisuerga 1,8213,"Renovar bancos en plaza del Cosmos, plaza San Bartolomé, plaza de la Armonía",https://www10.ava.es/presupuestosparticipativos/budgets/6/investments/8213,50,Participación ciudadana - Asociaciones | Urbanismo,SI,11,SI,alta
Mesa y final,Zona Sur 1,8086,CREAR UN CICLOBARRIO EN LA FAROLA - PLAZA DE TOROS,https://www10.ava.es/presupuestosparticipativos/budgets/6/investments/8086,49,Igualdad | Servicios sociales | Transportes y movilidad | Medio Ambiente - Limpieza | Seguridad y emergencias | Urbanismo,SI,14,SI,alta
Mesa y final,Zona Centro,8026,"Arreglo paseo de las Aceñas, paseo Moreras",https://www10.ava.es/presupuestosparticipativos/budgets/6/investments/8026,46,Medio Ambiente - Limpieza | Urbanismo | Cultura,SI,7,SI,"media (OCR acta, conviene revisar)"
Mesa y final,Zona Pisuerga 1,7567,Adecuacion de la plaza solidaridad,https://www10.ava.es/presupuestosparticipativos/budgets/6/investments/7567,44,Urbanismo,SI,12,SI,alta
Mesa y final,Zona Esgueva 2,8433,Asfaltado Calle Vía,https://www10.ava.es/presupuestosparticipativos/budgets/6/investments/8433,43,calle vía | asfaltado,SI,5,SI,alta
Mesa y final,Zona Sur 2,8092,Carriles bici en Calle de los Vinos de Rueda y Calle de los Vinos de Cigales,https://www10.ava.es/presupuestosparticipativos/budgets/6/investments/8092,43,Participación ciudadana - Asociaciones | Transportes y movilidad | Medio Ambiente - Limpieza | Urbanismo,SI,3,SI,alta
Mesa y final,Zona Este 2,8553,Parque deportivo para jóvenes,https://www10.ava.es/presupuestosparticipativos/budgets/6/investments/8553,42,Deportes,SI,13,SI,alta
Mesa y final,Zona Centro,8321,ALUMBRADO CALLE TAHONAS,https://www10.ava.es/presupuestosparticipativos/budgets/6/investments/8321,40,Urbanismo,SI,4,SI,"media (OCR acta, conviene revisar)"
Mesa y final,Zona Esgueva 1,7744,"ARREGLO DE LA CALZADA EN PLAZA ALBERTO FERNANDEZ.Poner plantas verticales, toldo",https://www10.ava.es/presupuestosparticipativos/budgets/6/investments/7744,36,Urbanismo,SI,13,SI,"media (OCR acta, conviene revisar)"
Mesa y final,Zona Pisuerga 1,8252,Sotechado cancha deportiva,https://www10.ava.es/presupuestosparticipativos/budgets/6/investments/8252,36,Deportes,SI,10,SI,alta
Mesa y final,Zona Sur 2,8254,Propuesta de intervención/restauración de la Plaza de las Merindades,https://www10.ava.es/presupuestosparticipativos/budgets/6/investments/8254,35,Urbanismo,SI,14,SI,alta
Mesa y final,Zona Pisuerga 1,8376,"Arreglos y Repintado Mirador de Aves, Parque Las Lavanderas",https://www10.ava.es/presupuestosparticipativos/budgets/6/investments/8376,34,"Medio Ambiente"" ""Naturaleza"" ""Tiempo libre",SI,14,SI,alta
Mesa y final,Zona Este 2,8167,MARQUESINA EN LA PARADA DE AUVASA 976. LÍNEA 3,https://www10.ava.es/presupuestosparticipativos/budgets/6/investments/8167,31,Transportes y movilidad,SI,14,SI,alta
Mesa y final,Zona Esgueva 1,8423,8423-Arreglo de la acera derecha Prado de la Magdalena,https://www10.ava.es/presupuestosparticipativos/budgets/6/investments/8423,28,Participación ciudadana - Asociaciones | Medio Ambiente - Limpieza,SI,7,SI,"media (OCR acta, conviene revisar)"
Mesa y final,Zona Este 2,8458,Seguridad en el entorno escolar de Calle Cigüeña,https://www10.ava.es/presupuestosparticipativos/budgets/6/investments/8458,23,Transportes y movilidad | Seguridad y emergencias,SI,10,SI,alta
Mesa y final,Zona Este 2,8042,Pintar líneas y pasos de cebra en inmediaciones de Polideportivo Pajarillos,https://www10.ava.es/presupuestosparticipativos/budgets/6/investments/8042,22,Transportes y movilidad | Seguridad y emergencias | Urbanismo,SI,16,SI,alta
Mesa y final,Zona Esgueva 1,8542,parque infantil avenida Palencia (agrupada con 8424),https://www10.ava.es/presupuestosparticipativos/budgets/6/investments/8542,20,Urbanismo,SI,3,SI,"media (OCR acta, conviene revisar)"
Mesa y final,Zona Esgueva 1,8476,Arreglo de la acera de la calle Doctor Ochoa,https://www10.ava.es/presupuestosparticipativos/budgets/6/investments/8476,12,Urbanismo,SI,5,SI,"media (OCR acta, conviene revisar)"
Mesa y final,Zona Este 2,8446,Escultura y mural sobre el biólogo Jose Antonio Valverde,https://www10.ava.es/presupuestosparticipativos/budgets/6/investments/8446,10,Urbanismo | Medio Ambiente - Limpieza | Participación ciudadana - Asociaciones | Cultura,SI,8,SI,alta
Mesa y final,Zona Este 2,8490,Parque deportivo en calle Pinguino,https://www10.ava.es/presupuestosparticipativos/budgets/6/investments/8490,4,Deportes,SI,17,SI,alta
